Workbook

Sheet País - Desenvolvimento
A1: País | B1: IDH | C1: Anos de escolaridade (médio) | D1: PIB per Capita ($)
A2: Afeganistão | B2: 0.51 | C2: 5 | D2: 600
A3: Albânia | B3: 0.795 | C3: 12 | D3: 5500
A4: Argélia | B4: 0.748 | C4: 10 | D4: 4000
A5: Andorra | B5: 0.858 | C5: 13.5 | D5: 42000
A6: Angola | B6: 0.581 | C6: 6 | D6: 3000
A7: Antígua e Barbuda | B7: 0.778 | C7: 11.5 | D7: 15000
A8: Argentina | B8: 0.845 | C8: 12.5 | D8: 10500
A9: Armênia | B9: 0.776 | C9: 11 | D9: 4400
A10: Austrália | B10: 0.949 | C10: 13.6 | D10: 55000
A11: Áustria | B11: 0.922 | C11: 13 | D11: 53000
A12: Azerbaijão | B12: 0.756 | C12: 11 | D12: 4800
A13: Bahamas | B13: 0.814 | C13: 11.5 | D13: 28000
... A193: Zimbábue | B193: 0.571 | C193: 8 | D193: 1800

Sheet País - Continente
A1: País | B1: Continente
A2: Afeganistão | B2: Ásia
A3: Albânia | B3: Europa
A4: Argélia | B4: África
A5: Andorra | B5: Europa
A6: Angola | B6: África
A7: Antígua e Barbuda | B7: América
A8: Argentina | B8: América
A9: Armênia | B9: Ásia
A10: Austrália | B10: Oceania
A11: Áustria | B11: Europa
A12: Azerbaijão | B12: Ásia
... A193: Zimbábue | B193: África

Sheet Resposta
A1: Continente | B1: País | C1: IDH | D1: Anos de escolaridade (médio) | E1: PIB per Capita ($) | G1: Continente | H1: IDH Médio | I1: Total de Países
A2: =VLOOKUP(B2,'País - Continente'!A:B,2,FALSE) -> Europa | B2: Mônaco | C2: 0.957 | D2: 13 | E2: 180000 | G2: Europa | H2: =AVERAGEIF($A$2:$A$193,G2,$C$2:$C$193) -> 0.88360465 | I2: =COUNTIF(A:A,G2) -> 43
A3: =VLOOKUP(B3,'País - Continente'!A:B,2,FALSE) -> Europa | B3: Liechtenstein | C3: 0.917 | D3: 12.8 | E3: 140000 | G3: América | H3: =AVERAGEIF($A$2:$A$193,G3,$C$2:$C$193) -> 0.7534 | I3: =COUNTIF(A:A,G3) -> 35
A4: =VLOOKUP(B4,'País - Continente'!A:B,2,FALSE) -> Ásia | B4: Singapura | C4: 0.938 | D4: 11.9 | E4: 88000 | G4: Ásia | H4: =AVERAGEIF($A$2:$A$193,G4,$C$2:$C$193) -> 0.74756522 | I4: =COUNTIF(A:A,G4) -> 46
A5: =VLOOKUP(B5,'País - Continente'!A:B,2,FALSE) -> Europa | B5: Irlanda | C5: 0.955 | D5: 13.6 | E5: 78000 | G5: Oceania | H5: =AVERAGEIF($A$2:$A$193,G5,$C$2:$C$193) -> 0.71615385 | I5: =COUNTIF(A:A,G5) -> 13
A6: =VLOOKUP(B6,'País - Continente'!A:B,2,FALSE) -> Europa | B6: Luxemburgo | C6: 0.916 | D6: 13 | E6: 78000 | G6: África | H6: =AVERAGEIF($A$2:$A$193,G6,$C$2:$C$193) -> 0.55522222 | I6: =COUNTIF(A:A,G6) -> 54
A7: =VLOOKUP(B7,'País - Continente'!A:B,2,FALSE) -> Europa | B7: Noruega | C7: 0.961 | D7: 13.1 | E7: 69000
A8: =VLOOKUP(B8,'País - Continente'!A:B,2,FALSE) -> Europa | B8: Suíça | C8: 0.962 | D8: 13.9 | E8: 69000 | G8: Média IDH Global | H8: =AVERAGE(C2:C193) -> 0.72225
A9: =VLOOKUP(B9,'País - Continente'!A:B,2,FALSE) -> América | B9: Estados Unidos | C9: 0.926 | D9: 13.6 | E9: 65000
A10: =VLOOKUP(B10,'País - Continente'!A:B,2,FALSE) -> Ásia | B10: Catar | C10: 0.848 | D10: 11 | E10: 63000 | G10: Continente | H10: Países com IDH > Média | I10: % Acima da Média
A11: =VLOOKUP(B11,'País - Continente'!A:B,2,FALSE) -> Europa | B11: Dinamarca | C11: 0.94 | D11: 13 | E11: 58000 | G11: Europa | H11: =COUNTIFS(A:A,G11,C:C,">"&$H$8) -> 42 | I11: =H11/VLOOKUP(G11,$G$1:$I$6,3,FALSE) -> 0.97674419
A12: =VLOOKUP(B12,'País - Continente'!A:B,2,FALSE) -> Europa | B12: Suécia | C12: 0.945 | D12: 13 | E12: 56000 | G12: América | H12: =COUNTIFS(A:A,G12,C:C,">"&$H$8) -> 24 | I12: =H12/VLOOKUP(G12,$G$1:$I$6,3,FALSE) -> 0.68571429
A13: =VLOOKUP(B13,'País - Continente'!A:B,2,FALSE) -> Oceania | B13: Austrália | C13: 0.949 | D13: 13.6 | E13: 55000 | G13: Ásia | H13: =COUNTIFS(A:A,G13,C:C,">"&$H$8) -> 28 | I13: =H13/VLOOKUP(G13,$G$1:$I$6,3,FALSE) -> 0.60869565
A14: =VLOOKUP(B14,'País - Continente'!A:B,2,FALSE) -> Europa | B14: Islândia | C14: 0.949 | D14: 13.8 | E14: 54000 | G14: Oceania | H14: =COUNTIFS(A:A,G14,C:C,">"&$H$8) -> 4 | I14: =H14/VLOOKUP(G14,$G$1:$I$6,3,FALSE) -> 0.30769231
A15: =VLOOKUP(B15,'País - Continente'!A:B,2,FALSE) -> Europa | B15: Áustria | C15: 0.922 | D15: 13 | E15: 53000 | G15: África | H15: =COUNTIFS(A:A,G15,C:C,">"&$H$8) -> 6 | I15: =H15/VLOOKUP(G15,$G$1:$I$6,3,FALSE) -> 0.11111111
A16: =VLOOKUP(B16,'País - Continente'!A:B,2,FALSE) -> Europa | B16: Países Baixos | C16: 0.944 | D16: 12.6 | E16: 53000
A17: =VLOOKUP(B17,'País - Continente'!A:B,2,FALSE) -> Europa | B17: Bélgica | C17: 0.931 | D17: 12.8 | E17: 49000
A18: =VLOOKUP(B18,'País - Continente'!A:B,2,FALSE) -> Europa | B18: Finlândia | C18: 0.938 | D18: 13.9 | E18: 49000
A19: =VLOOKUP(B19,'País - Continente'!A:B,2,FALSE) -> América | B19: Canadá | C19: 0.929 | D19: 13.2 | E19: 46000
A20: =VLOOKUP(B20,'País - Continente'!A:B,2,FALSE) -> Europa | B20: Alemanha | C20: 0.942 | D20: 13.4 | E20: 46000
A21: =VLOOKUP(B21,'País - Continente'!A:B,2,FALSE) -> Europa | B21: Reino Unido | C21: 0.922 | D21: 12.9 | E21: 46000
A22: =VLOOKUP(B22,'País - Continente'!A:B,2,FALSE) -> Europa | B22: San Marino | C22: 0.892 | D22: 12.5 | E22: 45000
A23: =VLOOKUP(B23,'País - Continente'!A:B,2,FALSE) -> Ásia | B23: Israel | C23: 0.919 | D23: 12.7 | E23: 44000
A24: =VLOOKUP(B24,'País - Continente'!A:B,2,FALSE) -> Ásia | B24: Emirados Árabes Unidos | C24: 0.89 | D24: 12.8 | E24: 43000
A25: =VLOOKUP(B25,'País - Continente'!A:B,2,FALSE) -> Europa | B25: Andorra | C25: 0.858 | D25: 13.5 | E25: 42000
A26: =VLOOKUP(B26,'País - Continente'!A:B,2,FALSE) -> Europa | B26: França | C26: 0.901 | D26: 12.9 | E26: 42000
A27: =VLOOKUP(B27,'País - Continente'!A:B,2,FALSE) -> Oceania | B27: Nova Zelândia | C27: 0.921 | D27: 13.1 | E27: 42000
... A193: =VLOOKUP(B193,'País - Continente'!A:B,2,FALSE) -> Europa | B193: Cidade do Vaticano | C193: 0.95 | D193: 12 | E193: 0
